number_of_presenters,total,funded,success_rate_%
1,165,94,56.96969696969697
2,334,188,56.287425149700596
3,110,65,59.09090909090909
4,21,12,57.14285714285714
5,3,0,0.0
6,1,0,0.0
